City_ID,City,Country,Lat,Lng,Max Temp,Humidity,Cloudiness,Wind Speed,Current Description
0,Kem,RU,64.9555,34.5793,66.83,82,96,7.34,overcast clouds
1,New Norfolk,AU,-42.7826,147.0587,49.71,83,100,1.01,overcast clouds
2,Bredasdorp,ZA,-34.5322,20.0403,53.85,64,100,8.5,overcast clouds
3,Eirunepe,BR,-6.6603,-69.8736,84.65,70,67,1.05,broken clouds
4,Punta Arenas,CL,-53.15,-70.9167,41.02,75,0,20.71,clear sky
5,Kapaa,US,22.0752,-159.319,80.58,83,13,3.0,few clouds
6,Upernavik,GL,72.7868,-56.1549,41.99,95,100,24.25,light rain
7,Coquimbo,CL,-29.9533,-71.3436,55.13,82,100,2.3,overcast clouds
8,Hermanus,ZA,-34.4187,19.2345,53.8,71,99,10.49,overcast clouds
9,Ushuaia,AR,-54.8,-68.3,35.26,93,100,29.93,sleet
10,Mataura,NZ,-46.1927,168.8643,33.48,98,17,3.02,few clouds
11,Saint-Philippe,RE,-21.3585,55.7679,67.59,84,36,12.62,light rain
12,Faya,SA,18.3851,42.4509,69.91,49,42,4.21,scattered clouds
13,Atuona,PF,-9.8,-139.0333,77.07,75,0,14.45,clear sky
14,Rio Gallegos,AR,-51.6226,-69.2181,37.45,60,0,32.21,clear sky
15,Qaanaaq,GL,77.484,-69.3632,42.42,80,99,7.81,overcast clouds
16,Rikitea,PF,-23.1203,-134.9692,72.39,75,96,9.89,overcast clouds
17,Hobart,AU,-42.8794,147.3294,50.05,82,100,8.05,overcast clouds
18,Lardos,GR,36.0942,28.0157,89.42,51,0,6.26,clear sky
19,Port Blair,IN,11.6667,92.75,80.8,84,100,7.05,light rain
20,Port Elizabeth,ZA,-33.918,25.5701,61.32,71,0,8.05,clear sky
21,Lorengau,PG,-2.0226,147.2712,81.43,80,69,7.83,broken clouds
22,Bathsheba,BB,13.2167,-59.5167,86.61,78,40,17.27,scattered clouds
23,Port Hedland,AU,-20.3167,118.5667,68.05,100,75,5.75,broken clouds
24,Betare Oya,CM,5.6,14.0833,66.78,98,100,2.28,light rain
25,Muros,ES,42.7762,-9.0603,76.68,61,10,13.09,clear sky
26,Albany,US,42.6001,-73.9662,92.62,43,18,10.38,few clouds
27,Haicheng,CN,40.8516,122.7475,71.83,91,99,1.3,moderate rain
28,Amuntai,ID,-2.4177,115.2494,73.08,97,95,1.19,overcast clouds
29,Lloret De Mar,ES,41.6999,2.8457,89.11,71,31,5.01,scattered clouds
30,Itoman,JP,26.1247,127.6694,84.4,89,20,10.36,few clouds
31,Malakal,SS,9.5334,31.6605,78.28,74,64,4.38,broken clouds
32,Polunochnoye,RU,60.8697,60.4153,50.9,62,18,4.68,few clouds
33,Camopi,GF,3.1655,-52.3158,89.71,51,31,2.19,scattered clouds
34,Kemijarvi,FI,66.7131,27.4306,64.18,64,80,7.52,broken clouds
35,Bluff,NZ,-46.6,168.3333,33.8,84,78,7.38,broken clouds
36,Bergerac,FR,44.8333,0.5,79.57,57,45,17.27,scattered clouds
37,Luderitz,NA,-26.6481,15.1594,60.44,69,25,14.43,scattered clouds
38,Urucara,BR,-2.5364,-57.76,88.88,54,58,3.67,moderate rain
39,Soure,BR,-0.7167,-48.5233,85.26,59,58,4.34,broken clouds
40,Pascoag,US,41.9557,-71.7023,93.69,44,0,1.01,clear sky
41,Grand Gaube,MU,-20.0064,57.6608,70.2,73,33,7.0,scattered clouds
42,El Estor,GT,15.5333,-89.35,81.23,86,100,3.51,overcast clouds
43,Nikolskoye,RU,59.7035,30.7861,80.49,64,35,4.85,scattered clouds
44,Poindimie,NC,-20.9333,165.3333,75.31,92,72,8.75,broken clouds
45,Mastung,PK,29.7994,66.845,78.64,58,61,4.47,broken clouds
46,Najran,SA,17.4924,44.1277,95.65,18,42,6.17,scattered clouds
47,Manado,ID,1.487,124.8455,77.77,88,40,1.14,scattered clouds
48,Cayenne,GF,4.9333,-52.3333,87.1,20,10,3.44,clear sky
49,Valdivia,CL,-39.8142,-73.2459,53.69,98,100,9.71,overcast clouds
50,Bykov,RU,47.3167,142.55,56.19,99,100,2.77,overcast clouds
51,Hasaki,JP,35.7333,140.8333,75.6,87,38,18.7,scattered clouds
52,Kodiak,US,57.79,-152.4072,51.12,71,28,1.5,scattered clouds
53,Cape Town,ZA,-33.9258,18.4232,59.11,83,75,9.22,broken clouds
54,Isiro,CD,2.7739,27.616,67.8,96,70,3.78,broken clouds
55,Subotica,RS,46.1,19.6667,88.81,18,0,3.44,clear sky
56,Sao Filipe,CV,14.8961,-24.4956,76.33,77,64,6.44,broken clouds
57,Port Alfred,ZA,-33.5906,26.891,65.37,66,57,5.59,broken clouds
58,Migori,KE,-1.0634,34.4731,68.74,62,100,2.84,overcast clouds
59,Batemans Bay,AU,-35.7167,150.1833,52.11,92,55,4.65,broken clouds
60,Mehamn,NO,71.0357,27.8492,53.51,89,69,21.12,broken clouds
61,Sitka,US,57.0531,-135.33,55.29,82,100,4.61,overcast clouds
62,Andreapol,RU,56.6513,32.2664,65.37,65,33,1.88,scattered clouds
63,Dhrangadhra,IN,22.9833,71.4667,83.12,77,99,17.0,overcast clouds
64,North Ogden,US,41.3072,-111.9602,95.65,25,2,5.99,clear sky
65,Vardo,NO,70.3705,31.1107,53.58,82,75,13.8,broken clouds
66,La Arena,PE,-5.3466,-80.7109,79.23,48,10,8.95,clear sky
67,Chokurdakh,RU,70.6333,147.9167,40.12,73,86,12.44,overcast clouds
68,Abnub,EG,27.2696,31.1511,93.42,23,4,10.74,clear sky
69,Busselton,AU,-33.65,115.3333,59.23,78,33,16.22,scattered clouds
70,Caravelas,BR,-17.7125,-39.2481,76.75,67,22,6.49,few clouds
71,Castro,BR,-24.7911,-50.0119,74.21,40,34,6.46,scattered clouds
72,Polyarnyy,RU,69.1989,33.4478,53.74,90,100,5.68,overcast clouds
73,Puerto Ayora,EC,-0.7393,-90.3518,78.76,83,40,8.99,scattered clouds
74,Tapiramuta,BR,-11.8472,-40.7914,72.93,55,100,7.72,overcast clouds
75,Gushikawa,JP,26.3544,127.8686,83.62,83,19,12.06,few clouds
76,Ponta Delgada,PT,37.7333,-25.6667,74.12,73,20,6.91,few clouds
77,Broken Hill,AU,-31.95,141.4333,55.36,67,100,10.78,overcast clouds
78,Cabo San Lucas,MX,22.8909,-109.9124,99.7,59,89,6.58,overcast clouds
79,Geraldton,AU,-28.7667,114.6,50.41,87,75,13.8,broken clouds
80,Nesna,NO,66.1967,13.0213,53.71,82,94,8.59,overcast clouds
81,Japura,ID,-0.3167,102.35,74.25,98,99,1.59,overcast clouds
82,Kharitonovo,RU,61.4009,47.4978,62.76,69,39,2.93,scattered clouds
83,Seoul,KR,37.5683,126.9778,74.64,94,20,3.44,mist
84,Kibala,TD,9.1104,18.3463,76.95,83,20,3.44,few clouds
85,Tasiilaq,GL,65.6145,-37.6368,41.56,73,71,7.18,broken clouds
86,Paamiut,GL,61.994,-49.6678,47.73,79,8,6.78,clear sky
87,Ereymentau,KZ,51.6199,73.1033,64.83,63,43,4.16,scattered clouds
88,Mwanza,TZ,-2.5167,32.9,75.79,42,13,4.21,few clouds
89,Vaini,TO,-21.2,-175.2,71.76,88,40,8.05,scattered clouds
90,Esperance,AU,-33.8667,121.9,53.8,76,89,14.63,overcast clouds
91,Norman Wells,CA,65.282,-126.8329,64.44,77,75,9.22,broken clouds
92,Do Gonbadan,IR,30.3586,50.7981,93.29,43,2,0.0,haze
93,Port Hardy,CA,50.6996,-127.4199,57.38,94,100,3.44,overcast clouds
94,Mar Del Plata,AR,-38.0023,-57.5575,53.62,68,0,5.75,clear sky
95,Barrow,US,71.2906,-156.7887,37.42,93,100,11.5,mist
96,Brewster,US,41.3973,-73.6171,95.41,42,0,1.99,clear sky
97,Mahebourg,MU,-20.4081,57.7,70.09,83,40,12.66,scattered clouds
98,Makurdi,NG,7.7411,8.5121,75.99,90,99,4.32,light rain
99,Tiksi,RU,71.6872,128.8694,45.9,80,51,5.35,broken clouds
100,Namibe,AO,-15.1961,12.1522,62.82,89,23,6.87,few clouds
101,Dikson,RU,73.5069,80.5464,53.69,73,96,12.26,overcast clouds
102,Narsaq,GL,60.9167,-46.05,55.2,61,33,5.21,scattered clouds
103,Abha,SA,18.2164,42.5053,69.62,64,0,9.22,clear sky
104,Lawton,US,34.6087,-98.3903,94.06,39,24,13.0,few clouds
105,Saint-Pierre,RE,-21.3393,55.4781,67.91,73,20,6.91,few clouds
106,Lebu,CL,-37.6167,-73.65,54.21,96,100,11.05,overcast clouds
107,Sao Joao Da Barra,BR,-21.6403,-41.0511,80.69,72,2,13.15,clear sky
108,Khatanga,RU,71.9667,102.5,44.47,85,100,14.14,overcast clouds
109,Shiozawa,JP,37.0333,138.85,71.11,97,16,2.62,few clouds
110,Chuy,UY,-33.6971,-53.4616,58.93,88,100,4.83,overcast clouds
111,Iqaluit,CA,63.7506,-68.5145,51.53,76,75,8.05,broken clouds
112,Butaritari,KI,3.0707,172.7902,81.41,77,57,9.24,light rain
113,Kavaratti,IN,10.5669,72.642,81.27,79,100,19.17,overcast clouds
114,Ygatimi,PY,-24.0833,-55.5,90.32,23,54,8.68,broken clouds
115,Tondano,ID,1.3038,124.9112,69.89,95,64,2.51,broken clouds
116,Maniitsoq,GL,65.4167,-52.9,44.76,90,95,4.83,overcast clouds
117,Brae,GB,60.3964,-1.353,52.97,73,100,10.25,overcast clouds
118,Poum,NC,-20.2333,164.0167,76.96,89,17,16.93,few clouds
119,Bambous Virieux,MU,-20.3428,57.7575,70.05,83,40,12.66,scattered clouds
120,Fortuna,US,40.5982,-124.1573,60.93,84,70,1.01,broken clouds
121,Santa Barbara,US,34.7333,-120.0343,89.35,9,34,5.75,scattered clouds
122,Belaya Gora,RU,68.5333,146.4167,50.0,51,41,8.01,scattered clouds
123,Tomigusuku,JP,26.185,127.675,84.15,89,20,10.36,few clouds
124,Dingle,PH,10.9995,122.6711,76.84,91,62,4.83,broken clouds
125,Palizada,MX,18.25,-92.0833,92.53,43,69,9.53,broken clouds
126,Cabedelo,BR,-6.9811,-34.8339,77.67,77,72,17.58,broken clouds
127,East London,ZA,-33.0153,27.9116,63.54,67,0,5.75,clear sky
128,Montauban,FR,44.0833,1.5,84.0,44,99,13.85,overcast clouds
129,Avarua,CK,-21.2078,-159.775,75.25,83,75,9.22,broken clouds
130,Puerto Rico,AR,-26.796,-55.024,82.74,40,70,5.35,broken clouds
131,Markt Schwaben,DE,48.1895,11.8691,87.13,33,0,3.44,clear sky
132,Binzhou,CN,37.3667,118.0167,70.14,85,100,6.08,overcast clouds
133,Provideniya,RU,64.3833,-173.3,44.71,74,56,8.59,broken clouds
134,Jumla,NP,29.2747,82.1838,63.57,97,98,1.16,overcast clouds
135,Yellowknife,CA,62.456,-114.3525,62.56,59,100,4.0,overcast clouds
136,Bengkulu,ID,-3.8004,102.2655,75.87,88,94,3.85,overcast clouds
137,Havoysund,NO,70.9963,24.6622,53.83,93,55,19.82,broken clouds
138,Cooma,AU,-36.2333,149.1333,38.97,100,100,0.0,overcast clouds
139,Ust-Maya,RU,60.4167,134.5333,64.96,76,78,1.68,broken clouds
140,Alyangula,AU,-13.8483,136.4192,63.25,65,94,7.65,overcast clouds
141,Victoria,HK,22.2855,114.1577,88.18,79,18,10.0,few clouds
142,Hengyang,CN,26.8881,112.615,81.59,79,11,3.18,few clouds
143,Indiana,US,40.0003,-86.2503,89.96,47,0,3.44,clear sky
144,Barcelos,PT,41.5388,-8.6151,86.92,41,32,11.27,scattered clouds
145,College,US,64.8569,-147.8028,53.29,86,100,5.75,overcast clouds
146,Saint George,US,37.1041,-113.5841,104.43,16,52,3.0,broken clouds
147,Meulaboh,ID,4.1363,96.1285,76.23,87,100,4.94,light rain
148,Samarai,PG,-10.6167,150.6667,80.22,80,74,6.4,broken clouds
149,Iquitos,PE,-3.7481,-73.2472,84.09,58,97,0.69,overcast clouds
150,Xianshuigu,CN,38.985,117.3828,73.4,88,75,8.95,broken clouds
151,Waipawa,NZ,-41.4122,175.5153,42.12,72,91,3.6,overcast clouds
152,North Bend,US,43.4065,-124.2243,67.24,92,84,1.01,broken clouds
153,La Romana,DO,18.4273,-68.9728,86.67,60,79,9.86,broken clouds
154,Bethel,US,41.3712,-73.414,94.35,44,1,3.0,clear sky
155,Touros,BR,-5.1989,-35.4608,81.18,71,94,16.62,overcast clouds
156,Bondo,CD,3.8146,23.6866,68.5,98,92,2.89,overcast clouds
157,Sampit,ID,-2.5333,112.95,73.36,98,89,2.01,overcast clouds
158,Lompoc,US,34.6391,-120.4579,77.92,77,75,5.99,broken clouds
159,San Rafael,AR,-34.6177,-68.3301,65.12,23,17,3.51,few clouds
160,Carauari,BR,-4.8828,-66.8958,85.71,70,71,1.41,broken clouds
161,Ketchikan,US,55.3422,-131.6461,57.87,86,99,1.68,overcast clouds
162,Pisco,PE,-13.7,-76.2167,66.02,66,1,7.72,clear sky
163,Salalah,OM,17.0151,54.0924,77.81,87,82,7.96,broken clouds
164,Ballater,GB,57.0493,-3.0402,59.34,78,100,4.12,overcast clouds
165,Jamestown,US,42.097,-79.2353,84.06,62,1,10.0,clear sky
166,Roald,NO,62.5833,6.1333,61.16,76,40,14.97,scattered clouds
167,Sheridan,US,44.8333,-106.9173,95.31,21,1,1.99,clear sky
168,Guerrero Negro,MX,27.9769,-114.0611,74.7,61,34,19.39,scattered clouds
169,Zyryanka,RU,65.75,150.85,50.61,63,4,2.01,clear sky
170,Saint-Joseph,RE,-21.3667,55.6167,66.58,79,22,13.35,few clouds
171,Okhotsk,RU,59.3833,143.3,54.09,93,97,2.64,overcast clouds
172,Lengshuitan,CN,26.4111,111.5956,78.87,82,3,5.41,clear sky
173,Bucerias,MX,20.75,-105.3333,93.97,65,65,6.24,broken clouds
174,Shonguy,RU,68.7526,33.146,62.67,72,0,4.47,clear sky
175,Kaitangata,NZ,-46.2817,169.8464,37.58,93,74,4.12,broken clouds
176,Ponta Do Sol,PT,32.6667,-17.1,80.71,70,1,5.77,clear sky
177,Marsh Harbour,BS,26.5412,-77.0636,84.29,70,4,15.84,clear sky
178,Matagami,CA,49.7502,-77.6328,75.31,57,75,12.66,broken clouds
179,Saskylakh,RU,71.9167,114.0833,47.95,72,100,6.53,overcast clouds
180,Imeni Poliny Osipenko,RU,52.4201,136.4853,54.0,96,97,6.33,overcast clouds
181,Damghan,IR,36.1683,54.348,85.08,43,0,6.46,clear sky
182,Hithadhoo,MV,-0.6,73.0833,81.43,74,98,6.96,overcast clouds
183,Avera,US,33.194,-82.5271,87.31,51,100,9.48,overcast clouds
184,Olafsvik,IS,64.8945,-23.7142,53.94,77,65,3.29,broken clouds
185,Simao,CN,22.7886,100.9748,64.62,97,71,2.44,broken clouds
186,Yumen,CN,40.2833,97.2,77.27,14,0,11.99,clear sky
187,Leningradskiy,RU,69.3833,178.4167,32.94,92,100,8.52,overcast clouds
188,Lyaskelya,RU,61.7667,31.0167,68.0,72,27,5.68,scattered clouds
189,Trincomalee,LK,8.5711,81.2335,80.78,78,100,20.02,heavy intensity rain
190,Changji,CN,44.0167,87.3167,86.79,25,0,4.47,clear sky
191,Mana,GF,5.6592,-53.7767,81.99,75,76,7.47,broken clouds
192,Tuktoyaktuk,CA,69.4541,-133.0374,58.03,67,84,5.39,broken clouds
193,San Carlos,VE,9.6612,-68.5827,86.63,61,61,4.23,broken clouds
194,Sao Paulo De Olivenca,BR,-3.3783,-68.8725,84.0,75,63,1.9,broken clouds
195,Mae Tha,TH,18.4646,99.1403,77.61,65,96,1.66,moderate rain
196,Manokwari,ID,-0.8667,134.0833,78.73,78,32,6.15,scattered clouds
197,Longyearbyen,SJ,78.2186,15.6401,49.84,81,75,4.61,broken clouds
198,Berlevag,NO,70.8578,29.0864,55.2,82,100,16.11,overcast clouds
199,Petrivka,UA,46.9695,30.9591,75.96,32,6,8.48,clear sky
200,Ornskoldsvik,SE,63.2909,18.7153,67.15,55,20,6.91,few clouds
201,Fare,PF,-16.7,-151.0167,77.49,75,6,10.78,clear sky
202,Tuatapere,NZ,-46.1333,167.6833,37.0,94,34,3.67,scattered clouds
203,Awbari,LY,26.5921,12.7805,89.83,17,0,9.48,clear sky
204,Coahuayana,MX,18.7333,-103.6833,90.88,58,82,5.1,broken clouds
205,Kahului,US,20.8947,-156.47,78.84,80,2,8.99,clear sky
206,Karimnagar,IN,18.4333,79.15,74.59,95,100,10.11,moderate rain
207,Katete,UG,-0.7818,29.7544,72.41,41,99,3.56,overcast clouds
208,Srednekolymsk,RU,67.45,153.6833,43.36,76,53,11.32,broken clouds
209,Belle Fourche,US,44.6714,-103.8522,95.09,15,1,6.98,clear sky
210,Taoudenni,ML,22.6783,-3.9836,108.72,12,6,2.13,clear sky
211,Ribeira Grande,PT,38.5167,-28.7,77.4,78,40,10.36,scattered clouds
212,Carnarvon,AU,-24.8667,113.6333,63.46,66,0,14.03,clear sky
213,Providencia,MX,28.7167,-111.5833,103.21,40,98,4.56,overcast clouds
214,Kawalu,ID,-7.3817,108.2082,71.22,95,98,1.52,overcast clouds
215,Katobu,ID,-4.9408,122.5276,72.16,87,14,4.21,few clouds
216,Pryazha,RU,61.6926,33.6216,69.1,67,69,5.7,broken clouds
217,Arraial Do Cabo,BR,-22.9661,-42.0278,72.81,81,1,13.94,clear sky
218,Sabha,LY,27.0377,14.4283,88.66,17,0,7.96,clear sky
219,Plettenberg Bay,ZA,-34.0527,23.3716,57.11,68,82,3.56,broken clouds
220,Codrington,AU,-38.2667,141.9667,50.76,92,100,9.71,light rain
221,Thompson,CA,55.7435,-97.8558,58.08,70,100,5.79,overcast clouds
222,Pachino,IT,36.7186,15.0907,82.33,67,0,9.33,clear sky
223,Hambantota,LK,6.1241,81.1185,79.36,81,98,19.1,overcast clouds
224,Kruisfontein,ZA,-34.0033,24.7314,52.88,74,100,5.44,overcast clouds
225,Vila Do Maio,CV,15.1333,-23.2167,79.59,75,94,1.95,overcast clouds
226,Zeya,RU,53.75,127.2667,60.58,85,34,3.71,scattered clouds
227,Ancud,CL,-41.8697,-73.8203,40.23,96,100,11.92,moderate rain
228,Crixas,BR,-14.5489,-49.9692,92.25,20,0,5.35,clear sky
229,Yulara,AU,-25.2406,130.9889,57.67,37,79,8.55,broken clouds
230,Benghazi,LY,32.1167,20.0667,80.26,72,0,13.87,clear sky
231,Vallenar,CL,-28.5708,-70.7581,69.35,49,37,4.88,scattered clouds
232,Klaksvik,FO,62.2266,-6.589,52.72,86,99,10.58,overcast clouds
233,Talnakh,RU,69.4865,88.3972,62.4,59,78,5.79,broken clouds
234,Ramsar,IR,36.9226,50.6426,79.14,74,22,5.14,few clouds
235,Holme,DK,56.1138,10.1725,62.17,84,74,13.85,broken clouds
236,Kalikapur,IN,22.6167,86.2833,80.01,89,99,1.61,overcast clouds
237,Katsuura,JP,35.1333,140.3,78.64,87,35,19.55,scattered clouds
238,Half Moon Bay,US,37.4636,-122.4286,80.89,70,100,14.97,mist
239,Xiaoweizhai,CN,26.1903,107.5125,70.59,98,73,3.44,broken clouds
240,Husavik,IS,66.0449,-17.3389,51.55,81,78,6.33,broken clouds
241,Killybegs,IE,54.6333,-8.45,69.51,63,87,1.61,overcast clouds
242,Indramayu,ID,-6.3264,108.32,78.82,81,87,5.37,overcast clouds
243,Walvis Bay,NA,-22.9575,14.5053,72.55,40,0,3.44,clear sky
244,Puebla,MX,18.8333,-98.0,79.34,28,13,4.21,few clouds
245,Henties Bay,NA,-22.116,14.2845,61.05,68,0,7.85,clear sky
246,Nosy Varika,MG,-20.5833,48.5333,66.38,84,20,2.06,few clouds
247,Hilo,US,19.7297,-155.09,80.28,96,100,10.36,overcast clouds
248,Ahar,IR,38.4774,47.0699,69.1,55,0,6.58,clear sky
249,Borujerd,IR,33.8973,48.7516,86.23,13,0,0.0,clear sky
250,Aswan,EG,24.0934,32.907,95.13,12,24,11.5,few clouds
251,Rock Sound,BS,24.9,-76.2,82.31,77,15,15.84,few clouds
252,Masallatah,LY,32.6167,14.0,78.44,57,0,10.78,clear sky
253,Torbay,CA,47.6666,-52.7314,79.29,75,82,3.0,broken clouds
254,Labuhan,ID,-6.8844,112.2051,75.63,83,80,7.38,broken clouds
255,Aranos,NA,-24.1333,19.1167,62.17,33,1,9.06,clear sky
256,Zhelyabovka,UA,45.3988,34.7578,74.79,37,42,9.13,scattered clouds
257,La Asuncion,VE,11.0333,-63.8628,83.93,79,14,18.41,few clouds
258,Necochea,AR,-38.5473,-58.7368,50.36,66,100,4.92,overcast clouds
259,Tulsipur,NP,28.131,82.2973,76.01,86,99,3.69,overcast clouds
260,Benguela,AO,-12.5763,13.4055,68.09,86,61,3.78,broken clouds
261,Bireun,ID,5.203,96.7009,77.81,84,90,3.78,light rain
262,Madimba,TZ,-10.4,40.3333,72.45,80,0,13.09,clear sky
263,Lauenburg,DE,53.372,10.5565,65.25,64,59,7.9,broken clouds
264,Peleduy,RU,59.6289,112.7406,63.72,80,97,2.77,overcast clouds
265,Sompeta,IN,18.9333,84.6,82.13,84,100,3.47,overcast clouds
266,Riyadh,SA,24.6877,46.7219,104.14,12,57,14.52,broken clouds
267,Bambanglipuro,ID,-7.95,110.2833,74.34,86,86,5.73,overcast clouds
268,Pauini,BR,-7.7136,-66.9764,83.25,70,42,2.1,scattered clouds
269,Lavumisa,SZ,-27.31,31.892,63.93,88,25,3.31,scattered clouds
270,Fort Nelson,CA,58.8053,-122.7002,60.39,72,75,3.44,broken clouds
271,Gorin,RU,51.1983,136.6669,55.29,97,95,4.72,overcast clouds
272,Mulege,MX,26.8833,-111.9833,97.97,33,93,6.2,overcast clouds
273,Key West,US,24.5557,-81.7826,88.0,73,20,9.35,few clouds
274,Gondar,ET,12.6,37.4667,59.34,90,48,4.43,scattered clouds
275,Ranong,TH,9.9658,98.6348,77.94,88,98,4.88,moderate rain
276,Sergeyevka,KZ,53.88,67.4158,58.91,82,9,6.35,clear sky
277,Flinders,AU,-34.5833,150.8552,50.25,91,70,5.99,broken clouds
278,Abu Dhabi,AE,24.4667,54.3667,95.97,70,29,13.33,scattered clouds
279,Pevek,RU,69.7008,170.3133,31.95,89,100,0.43,overcast clouds
280,Yichun,CN,47.7,128.9,59.18,94,71,3.06,broken clouds
281,Qaqortoq,GL,60.7167,-46.0333,51.1,71,18,4.0,few clouds
282,Pasni,PK,25.2631,63.471,83.17,86,100,10.76,overcast clouds
283,Georgetown,MY,5.4112,100.3354,78.73,95,20,0.0,few clouds
284,Celestun,MX,20.8667,-90.4,88.79,60,16,9.31,few clouds
285,New Milford,US,40.9327,-74.0179,97.84,38,20,5.75,few clouds
286,Amazar,RU,53.858,120.875,62.69,96,72,3.62,broken clouds
287,Valley City,US,46.9233,-98.0032,84.72,39,0,14.97,clear sky
288,Belmonte,BR,-15.8631,-38.8828,77.11,68,28,9.33,scattered clouds
289,Veinticinco De Mayo,AR,-35.4323,-60.1727,61.99,57,6,4.0,clear sky
290,Isangel,VU,-19.55,169.2667,75.79,86,100,10.54,overcast clouds
291,Abonnema,NG,4.7084,6.7931,76.5,85,98,8.61,light rain
292,Nueva Gerona,CU,21.8833,-82.8,88.63,60,8,10.92,clear sky
293,Port Augusta,AU,-32.5,137.7667,56.97,63,98,9.86,overcast clouds
294,Ossora,RU,59.2353,163.0719,53.64,74,0,2.84,clear sky
295,Oranjemund,NA,-28.55,16.4333,55.35,87,27,8.55,scattered clouds
296,Mgandu,TZ,-5.95,34.1333,63.43,49,7,6.64,clear sky
297,Oktyabrskiy,RU,54.4815,53.471,62.89,81,40,4.97,scattered clouds
298,Kontagora,NG,10.3999,5.4695,74.46,91,89,2.48,moderate rain
299,Nan,TH,18.8333,100.6667,72.16,99,97,0.45,moderate rain
300,Singaraja,ID,-8.112,115.0882,77.41,82,95,4.09,overcast clouds
301,Bauru,BR,-22.3147,-49.0606,83.82,24,46,3.0,scattered clouds
302,Khani,GE,41.9563,42.9566,58.57,95,80,1.43,broken clouds
303,Lumeje,AO,-11.55,20.7833,71.51,31,65,5.93,broken clouds
304,Tongliao,CN,43.6125,122.2653,72.54,81,97,4.79,overcast clouds
305,Acarau,BR,-2.8856,-40.12,85.91,60,49,16.78,scattered clouds
306,Manacor,ES,39.5696,3.2096,92.82,48,0,8.25,clear sky
307,Hofn,IS,64.2539,-15.2082,52.38,92,86,8.14,overcast clouds
308,Kommunar,RU,59.6206,30.39,80.13,63,42,5.28,scattered clouds
309,Ostrovnoy,RU,68.0531,39.5131,52.05,97,100,15.32,overcast clouds
310,Bela Vista De Goias,BR,-16.9728,-48.9533,82.62,23,50,6.38,scattered clouds
311,San Jeronimo,PE,-11.9472,-75.2829,64.54,21,32,3.24,scattered clouds
312,Anadyr,RU,64.75,177.4833,46.0,93,100,7.78,overcast clouds
313,Novobirilyussy,RU,56.9514,90.6661,55.65,97,40,6.31,scattered clouds
314,Ilhabela,BR,-23.7781,-45.3581,75.06,62,15,4.32,few clouds
315,Ilulissat,GL,69.2167,-51.1,48.22,100,100,1.14,light rain
316,Karratha,AU,-20.7377,116.8463,70.27,69,0,10.04,clear sky
317,Tabory,RU,58.5198,64.5495,56.62,78,28,2.91,scattered clouds
318,Hualmay,PE,-11.0964,-77.6139,66.07,71,57,7.34,broken clouds
319,Ondjiva,AO,-17.0667,15.7333,65.55,27,0,7.58,clear sky
320,Mecca,SA,21.4267,39.8261,91.71,47,5,6.44,clear sky
321,Rawson,AR,-43.3002,-65.1023,43.54,35,97,10.13,overcast clouds
322,Torbat-E Jam,IR,35.244,60.6225,88.21,15,0,13.94,clear sky
323,Pacific Grove,US,36.6177,-121.9166,74.21,88,20,15.99,few clouds
324,Boke,GN,10.9409,-14.2967,76.68,93,99,7.18,moderate rain
325,Praia,CV,14.9215,-23.5087,79.34,73,75,9.22,broken clouds
326,Kutum,SD,14.2,24.6667,86.16,30,16,7.9,few clouds
327,Governador Valadares,BR,-18.8511,-41.9494,85.44,34,9,5.55,clear sky
328,Banda Aceh,ID,5.5577,95.3222,78.62,83,99,2.77,light rain
329,Cidreira,BR,-30.1811,-50.2056,67.98,83,79,3.98,broken clouds
330,Lensk,RU,60.7253,114.9278,61.9,92,96,4.03,overcast clouds
331,Fengrun,CN,39.8333,118.1167,72.05,84,100,4.81,light rain
332,Shinjo,JP,38.7586,140.3008,69.57,97,23,0.72,few clouds
333,Samandag,TR,36.0842,35.9771,82.92,73,0,4.7,clear sky
334,Suchiapa,MX,16.6167,-93.0833,82.72,61,75,3.44,broken clouds
335,Durusu,TR,41.3053,28.6767,80.78,73,0,1.99,clear sky
336,Barkly West,ZA,-28.5354,24.5215,65.16,36,44,9.44,scattered clouds
337,Chifeng,CN,42.2683,118.9636,66.96,85,100,4.54,overcast clouds
338,Shimoda,JP,34.6667,138.95,77.11,87,0,14.38,clear sky
339,Jalu,LY,29.0331,21.5482,88.72,19,0,8.41,clear sky
340,Sidney,AU,-33.8679,151.2073,57.25,88,40,17.27,scattered clouds
341,Bubaque,GW,11.2833,-15.8333,76.8,92,100,20.36,heavy intensity rain
342,Sinnamary,GF,5.3833,-52.95,82.8,72,11,6.49,few clouds
343,Mildura,AU,-34.2,142.15,54.07,76,100,9.35,overcast clouds
344,Broome,US,42.2506,-75.833,89.46,45,20,10.36,few clouds
345,Calamar,CO,10.2511,-74.9146,87.93,63,100,7.25,overcast clouds
346,Lichinga,MZ,-13.3128,35.2406,57.63,56,71,2.98,broken clouds
347,Vilhena,BR,-12.7406,-60.1458,91.22,23,0,3.71,clear sky
348,Agnibilekrou,CI,7.1344,-3.2047,76.82,77,94,2.95,overcast clouds
349,Chapais,CA,49.7834,-74.8492,74.03,48,46,12.08,scattered clouds
350,Atar,MR,20.5169,-13.0499,96.67,35,88,3.62,light rain
351,Chara,RU,56.9064,118.2631,65.89,78,99,2.73,overcast clouds
352,Kieta,PG,-6.2167,155.6333,76.82,74,2,3.31,clear sky
353,Tsiroanomandidy,MG,-18.7667,46.0333,64.0,57,29,3.85,scattered clouds
354,Honiara,SB,-9.4333,159.95,76.21,85,33,3.58,scattered clouds
355,Champerico,GT,14.3,-91.9167,84.09,71,96,10.29,overcast clouds
356,San Buenaventura,MX,27.0833,-101.5333,91.47,48,0,4.61,clear sky
357,Nara,JP,34.6851,135.8049,76.5,65,48,2.01,scattered clouds
358,Kidal,ML,18.4411,1.4078,103.62,11,72,8.28,broken clouds
359,Nynashamn,SE,58.9034,17.9479,68.16,89,68,7.11,broken clouds
360,Tateyama,JP,34.9833,139.8667,79.11,83,15,18.92,few clouds
361,Sambava,MG,-14.2667,50.1667,70.16,83,27,13.2,light rain
362,Aliwal North,ZA,-30.6937,26.7114,53.65,37,0,5.99,clear sky
363,Razdolinsk,RU,58.4211,94.6658,54.27,99,89,1.72,overcast clouds
364,Asekeyevo,RU,53.5742,52.7972,68.83,67,86,8.63,overcast clouds
365,Kaeo,NZ,-35.1,173.7833,48.33,91,81,8.93,broken clouds
366,Portland,US,45.5234,-122.6762,67.98,73,75,7.0,broken clouds
367,Whyalla,AU,-33.0333,137.5833,57.51,66,100,10.71,overcast clouds
368,Cagliari,IT,39.245,9.0912,92.95,56,0,11.5,clear sky
369,Ercis,TR,39.0287,43.3586,68.97,42,41,2.13,scattered clouds
370,Huejucar,MX,22.35,-103.2167,78.39,38,93,6.33,overcast clouds
371,Kloulklubed,PW,7.0419,134.2556,77.5,75,46,7.87,scattered clouds
372,Te Anau,NZ,-45.4167,167.7167,31.82,94,57,2.19,broken clouds
373,Krasnoselkup,RU,65.7,82.4667,53.28,93,100,12.97,overcast clouds
374,Cartagena,CO,10.3997,-75.5144,82.85,79,100,13.4,overcast clouds
375,Nueva Loja,EC,0.0847,-76.8828,80.82,61,100,2.01,overcast clouds
376,Vanavara,RU,60.34,102.2797,60.67,72,76,6.4,broken clouds
377,Severo-Kurilsk,RU,50.6789,156.125,53.91,93,80,3.06,broken clouds
378,Frontera,MX,26.9333,-101.45,90.32,48,0,5.01,clear sky
379,Divnomorskoye,RU,44.5011,38.1353,71.2,66,29,5.79,scattered clouds
380,Samana,DO,19.2056,-69.3369,84.42,79,75,6.91,broken clouds
381,Makakilo City,US,21.3469,-158.0858,80.92,64,0,9.22,clear sky
382,Surgut,RU,61.25,73.4167,53.78,76,0,4.47,clear sky
383,Haines Junction,CA,60.7522,-137.5108,50.2,77,100,6.62,overcast clouds
384,Kilindoni,TZ,-7.9139,39.6668,75.31,77,2,14.29,clear sky
385,Tazovskiy,RU,67.4667,78.7,47.37,80,100,5.66,light rain
386,Naron,ES,43.5167,-8.1528,72.45,65,22,14.14,few clouds
387,Baherden,TM,38.4362,57.4316,93.27,39,0,15.17,clear sky
388,Noshiro,JP,40.2039,140.0242,71.64,92,86,4.23,overcast clouds
389,Bozdar,PK,27.1828,68.636,91.36,52,95,7.78,overcast clouds
390,Nkoteng,CM,4.5167,12.0333,69.46,98,100,2.82,moderate rain
391,Tiarei,PF,-17.5333,-149.3333,77.02,79,33,9.28,light rain
392,Hervey Bay,AU,-25.2986,152.8535,63.14,80,94,20.87,overcast clouds
393,Padang,ID,-0.9492,100.3543,78.15,87,99,4.52,overcast clouds
394,Mumbwa,ZM,-14.9783,27.0619,65.66,44,74,7.0,broken clouds
395,Whitecourt,CA,54.1502,-115.6855,69.6,40,23,4.25,few clouds
396,Tres Arroyos,AR,-38.3739,-60.2798,53.19,54,100,4.54,overcast clouds
397,Canto Do Buriti,BR,-8.11,-42.9444,93.52,24,97,8.37,overcast clouds
398,Beringovskiy,RU,63.05,179.3167,50.14,67,99,10.04,overcast clouds
399,Eyl,SO,7.9803,49.8164,78.26,76,99,25.81,overcast clouds
400,Reyes,BO,-14.3167,-67.3833,92.35,37,2,4.81,clear sky
401,Villanueva De La Serena,ES,38.9766,-5.7974,102.04,8,40,15.41,scattered clouds
402,Hokitika,NZ,-42.7167,170.9667,45.36,64,56,6.98,broken clouds
403,Gore,NZ,-46.1028,168.9436,31.71,96,13,2.64,few clouds
404,Sept-Iles,CA,50.2001,-66.3821,61.05,98,100,6.91,mist
405,Lashma,RU,54.9321,41.1438,62.01,90,14,4.7,light rain
406,Lasa,IT,46.6166,10.7002,75.61,72,45,3.42,scattered clouds
407,Ust-Nera,RU,64.5667,143.2,63.21,80,57,5.57,broken clouds
408,Micheweni,TZ,-4.9667,39.8333,73.9,81,2,11.59,clear sky
409,Arrecife,ES,28.963,-13.5477,82.38,61,20,21.85,few clouds
410,Svobodnyy,RU,51.4,128.1333,59.41,82,31,5.32,scattered clouds
411,Egvekinot,RU,66.3167,-179.1667,38.75,79,98,9.22,overcast clouds
412,Araouane,ML,18.9048,-3.5265,101.23,24,6,8.9,clear sky
413,Richards Bay,ZA,-28.783,32.0377,67.69,79,0,11.03,clear sky
414,Havre-Saint-Pierre,CA,50.2334,-63.5986,64.71,93,98,1.61,overcast clouds
415,Homer,US,59.6425,-151.5483,51.8,79,53,8.01,broken clouds
416,Grimma,DE,51.2333,12.7167,80.91,44,29,10.22,scattered clouds
417,Wajir,KE,1.7471,40.0573,83.05,41,82,18.97,broken clouds
418,Hall,US,34.3168,-83.7832,90.73,58,100,6.91,overcast clouds
419,Abu Kamal,SY,34.4506,40.9171,93.63,15,0,7.4,clear sky
420,Panaba,MX,21.2833,-88.2667,99.05,32,78,7.81,broken clouds
421,Lumby,CA,50.2498,-118.969,83.05,48,49,1.99,scattered clouds
422,Vanimo,PG,-2.6741,141.3028,76.8,89,64,3.83,broken clouds
423,Caraquet,CA,47.7941,-64.9386,77.34,68,93,4.83,overcast clouds
424,Opuwo,NA,-18.0607,13.84,67.12,24,0,5.97,clear sky
425,Khasan,RU,42.4308,130.6434,65.3,94,80,4.03,broken clouds
426,Agadir,MA,30.4202,-9.5982,90.05,41,16,5.99,few clouds
427,Vila Franca Do Campo,PT,37.7167,-25.4333,73.81,68,78,1.92,broken clouds
428,Acapulco,MX,16.8634,-99.8901,87.62,70,100,5.75,overcast clouds
429,Shumskiy,RU,54.8318,99.1328,58.55,94,100,0.89,light rain
430,Coihaique,CL,-45.5752,-72.0662,26.55,80,75,5.75,broken clouds
431,Chilca,PE,-12.5211,-76.7372,63.19,80,27,8.79,scattered clouds
432,Ise,JP,34.4833,136.7,76.32,75,0,15.55,clear sky
433,Buala,SB,-8.145,159.5921,79.12,82,17,4.45,few clouds
434,Flin Flon,CA,54.7682,-101.865,57.04,82,100,6.91,smoke
435,Tatawin,TN,32.9297,10.4518,86.58,29,0,15.21,clear sky
436,Constitucion,CL,-35.3333,-72.4167,59.99,75,88,9.44,overcast clouds
437,Murbad,IN,19.25,73.4,77.47,86,100,4.56,overcast clouds
438,Ukiah,US,39.1502,-123.2078,93.43,28,0,0.0,clear sky
439,Horta,PT,38.5333,-28.6333,76.64,78,40,10.36,scattered clouds
440,Mayo,US,38.8876,-76.5119,96.94,48,0,4.61,clear sky
441,Norrtalje,SE,59.758,18.705,64.83,76,99,7.38,overcast clouds
442,Martapura,ID,-3.4167,114.85,73.72,97,100,2.42,overcast clouds
443,Belyy Yar,RU,53.6039,91.3903,64.29,72,0,13.42,clear sky
444,Novo Aripuana,BR,-5.1206,-60.3797,92.26,45,35,1.45,scattered clouds
445,Karema,TZ,-6.8205,30.4389,74.12,52,5,5.48,clear sky
446,Gat,IL,31.61,34.7642,81.81,100,1,6.98,clear sky
447,Supe,PE,-10.8,-77.7333,66.29,69,52,8.37,broken clouds
448,Pilot Butte,CA,50.4668,-104.4178,76.62,44,36,5.75,scattered clouds
449,Kisangani,CD,0.5167,25.2,72.3,95,100,2.26,overcast clouds
450,Saint-Augustin,CA,51.226,-58.6502,70.81,55,87,17.54,overcast clouds
451,Keta,GH,5.9179,0.9879,76.77,80,74,14.79,broken clouds
452,Lypova Dolyna,UA,50.5643,33.7979,61.34,90,46,8.97,scattered clouds
453,Ust-Omchug,RU,61.15,149.6333,51.49,81,92,2.21,overcast clouds
454,Clyde River,CA,70.4692,-68.5914,53.82,53,86,4.03,overcast clouds
455,Ahipara,NZ,-35.1667,173.1667,47.35,85,70,6.69,broken clouds
456,Camacha,PT,33.0833,-16.3333,69.22,68,40,17.27,scattered clouds
457,Harlow,GB,51.7766,0.1116,71.44,67,90,9.22,overcast clouds
458,Champaign,US,40.1334,-88.2001,89.71,46,0,6.91,clear sky
459,Grimshaw,CA,56.1834,-117.6027,63.77,56,8,2.84,clear sky
460,Hirara,JP,24.8,125.2833,85.01,78,73,14.61,broken clouds
461,Oktyabrskoye,RU,43.0645,44.7417,68.14,82,100,4.47,light rain
462,San Policarpo,PH,12.1791,125.5072,80.73,81,97,1.79,overcast clouds
463,Airai,TL,-8.9266,125.4092,51.85,80,54,2.3,broken clouds
464,Talwara,IN,31.9486,75.8667,81.59,77,100,6.08,overcast clouds
465,Moron,AR,-34.6534,-58.6198,66.09,73,0,4.79,clear sky
466,Palu,ID,-0.8917,119.8707,75.83,96,78,2.66,broken clouds
467,Msowero,TZ,-6.5333,37.2,71.71,55,98,1.88,overcast clouds
468,Ouadda,CF,8.0777,22.4007,69.12,98,100,4.0,overcast clouds
469,Peshkopi,AL,41.685,20.4289,76.17,50,0,4.27,clear sky
470,Galesong,ID,-5.3166,119.3661,77.02,84,91,10.33,overcast clouds
471,Cockburn Town,TC,21.4612,-71.1419,78.51,87,100,17.67,overcast clouds
472,San Patricio,US,28.017,-97.5169,95.72,40,83,16.04,broken clouds
473,Mount Gambier,AU,-37.8333,140.7667,51.06,97,100,9.91,moderate rain
474,Aktau,KZ,43.65,51.2,79.38,59,24,18.3,light rain
475,Mandera,KE,3.9366,41.867,82.42,45,79,16.37,broken clouds
476,Grindavik,IS,63.8424,-22.4338,55.87,82,75,8.05,broken clouds
477,Calbuco,CL,-41.768,-73.1273,43.81,94,100,11.32,moderate rain
478,Laguna,US,38.421,-121.4238,92.08,39,0,6.91,clear sky
479,Kenora,CA,49.8167,-94.4337,73.78,46,7,13.0,clear sky
480,Oistins,BB,13.0667,-59.5333,84.51,66,23,16.17,few clouds
481,Kamaishi,JP,39.2667,141.8833,72.25,97,99,1.5,overcast clouds
482,Thaba-Tseka,LS,-29.522,28.6084,43.27,54,0,5.06,clear sky
483,Zaqatala,AZ,41.6336,46.6433,73.87,73,75,9.22,broken clouds
484,The Valley,AI,18.217,-63.0578,86.14,62,20,17.27,few clouds
485,Gainesville,US,29.6516,-82.3248,96.03,55,20,5.75,few clouds
486,Lalibela,ET,12.0333,39.0333,64.89,71,28,3.09,light rain
487,Lagos,NG,6.5833,3.75,77.34,81,97,7.7,overcast clouds
488,Owo,NG,7.1962,5.5868,71.78,96,88,5.21,moderate rain
489,Orlik,RU,52.5178,99.825,53.92,74,99,1.83,overcast clouds
490,Aguimes,ES,27.9054,-15.4461,77.67,69,20,28.77,few clouds
491,Los Llanos De Aridane,ES,28.6585,-17.9182,73.15,73,20,18.41,few clouds
492,Inirida,CO,3.8653,-67.9239,85.03,67,79,3.83,broken clouds
493,Sangamner,IN,19.5667,74.2167,74.97,82,100,6.33,overcast clouds
494,Mut,TR,36.6439,33.4389,82.72,26,0,12.3,clear sky
495,Beloha,MG,-25.1667,45.05,65.46,87,1,10.29,clear sky
496,Corning,US,42.1428,-77.0547,90.57,47,40,14.97,scattered clouds
497,Wanaka,NZ,-44.7,169.15,22.15,92,14,2.75,few clouds
498,Marzuq,YE,14.4,46.4667,80.55,54,13,9.01,few clouds
499,Faanui,PF,-16.4833,-151.75,77.74,74,13,10.04,few clouds
500,Oxnard,US,34.1975,-119.177,89.24,72,40,8.05,scattered clouds
501,Ohangaron,UZ,40.9064,69.6383,86.14,13,0,5.03,clear sky
502,Dongli,CN,23.5656,116.8194,81.82,83,7,3.51,clear sky
503,Cassilandia,BR,-19.1133,-51.7342,88.7,22,24,5.59,few clouds
504,Montes Altos,BR,-5.8333,-47.0667,95.86,23,71,5.5,broken clouds
505,Buin,CL,-33.7333,-70.75,76.42,36,0,2.68,clear sky
506,Kamina,CD,-8.7386,24.9906,70.18,38,57,4.14,broken clouds
507,Duartina,BR,-22.4144,-49.4039,84.04,23,39,5.97,scattered clouds
508,Noyabrsk,RU,63.1994,75.4507,45.64,80,57,12.3,broken clouds
509,Ucluelet,CA,48.9329,-125.5528,59.09,91,100,1.01,overcast clouds
510,Tilichiki,RU,60.4667,166.1,51.58,83,93,2.39,overcast clouds
511,Wyszkow,PL,52.5928,21.4584,87.15,53,43,7.34,scattered clouds
512,Oyama,JP,36.3,139.8,83.59,94,74,3.8,broken clouds
513,Ahualulco,MX,22.4,-101.1667,71.42,25,56,10.0,broken clouds
514,Marsa Matruh,EG,31.3525,27.2453,78.76,74,1,11.56,clear sky
515,Xining,CN,36.6167,101.7667,52.88,66,0,1.77,clear sky
516,Tura,IN,25.5198,90.2201,75.83,92,99,2.3,overcast clouds
517,Verkhnyaya Inta,RU,65.9811,60.3094,48.42,71,100,9.19,overcast clouds
518,Ngunguru,NZ,-35.6167,174.5,55.45,67,86,9.95,overcast clouds
519,La Palma,US,33.8464,-118.0467,87.19,67,0,5.99,clear sky
520,Uige,AO,-7.6087,15.0613,78.15,43,90,3.69,overcast clouds
521,Sychevka,RU,55.8252,34.2736,64.44,72,8,2.53,clear sky
522,Tezu,IN,27.9167,96.1667,77.5,76,98,3.94,overcast clouds
523,Marquette,US,46.5333,-87.6335,80.04,59,10,13.13,clear sky
524,Mandalgovi,MN,45.7625,106.2708,59.18,56,67,7.09,broken clouds
525,Zhezkazgan,KZ,47.8043,67.7144,77.16,26,43,10.4,scattered clouds
526,Yuncheng,CN,35.0231,110.9928,66.22,94,66,3.94,broken clouds
527,Hami,CN,42.8,93.45,82.15,17,0,0.76,clear sky
528,Kyra,RU,49.5776,111.9753,57.13,94,100,0.83,overcast clouds
529,Nanortalik,GL,60.1432,-45.2371,48.2,81,28,5.79,scattered clouds
530,Pangnirtung,CA,66.1451,-65.7125,54.84,56,31,3.15,scattered clouds
531,Nacala,MZ,-14.5428,40.6728,70.93,76,0,7.16,clear sky
532,Lesnoy,RU,57.6198,63.0784,60.01,78,91,6.44,overcast clouds
533,Port Macquarie,AU,-31.4333,152.9167,50.9,80,53,11.95,broken clouds
534,Odweyne,SO,9.4092,45.064,74.52,50,64,19.22,broken clouds
535,Totness,SR,5.8833,-56.3167,83.34,70,20,9.1,few clouds
536,Mayumba,GA,-3.432,10.6554,69.62,85,75,7.54,broken clouds
537,Kampene,CD,-3.6,26.6667,78.76,40,66,0.4,broken clouds
538,Pakxe,LA,15.1167,105.7833,75.83,92,90,2.64,overcast clouds
539,Mikkeli,FI,61.6886,27.2723,78.91,53,0,5.75,clear sky
540,Andros Town,BS,24.7,-77.7667,87.76,70,13,15.23,few clouds
541,Guiratinga,BR,-16.3494,-53.7583,90.95,21,12,5.84,few clouds
542,Kavieng,PG,-2.5744,150.7967,81.82,77,47,10.29,light rain
543,Fraga,ES,41.5229,0.3489,95.83,32,73,19.06,broken clouds
544,Svecha,RU,58.2785,47.5164,64.18,69,82,6.02,broken clouds
545,Puerto Carreno,CO,6.189,-67.4859,86.79,63,65,6.76,broken clouds
546,Maltahohe,NA,-24.8333,16.9833,60.87,26,0,5.23,clear sky
547,Nelson Bay,AU,-32.7167,152.15,61.0,79,63,5.99,broken clouds
548,Novaya Bryan,RU,51.7159,108.2691,57.52,96,99,1.61,overcast clouds
549,Vryburg,ZA,-26.9566,24.7284,62.76,43,90,6.31,overcast clouds
550,Urumqi,CN,43.801,87.6005,83.35,25,0,4.47,clear sky
551,Nieuw Nickerie,SR,5.95,-56.9833,82.02,74,13,10.16,few clouds
552,Iisaku,EE,59.1014,27.3081,71.73,71,11,7.81,few clouds
553,Prince Rupert,CA,54.3161,-130.3201,59.34,73,93,5.95,overcast clouds
554,Pangkalanbuun,ID,-2.6833,111.6167,73.85,98,92,1.3,overcast clouds
555,Kununurra,AU,-15.7667,128.7333,53.58,87,10,1.14,clear sky
556,Dabhol,IN,17.6,73.1667,77.7,85,100,4.88,overcast clouds
557,Port Moresby,PG,-9.4431,147.1797,74.77,91,35,4.81,scattered clouds
558,Viedma,AR,-40.8135,-62.9967,50.95,43,84,6.29,light rain
559,Jacareacanga,BR,-6.2222,-57.7528,98.67,25,21,3.18,few clouds
560,Fallon,US,39.4735,-118.7774,90.91,7,20,0.0,few clouds
561,Iskateley,RU,67.6803,53.1512,50.72,65,73,9.73,broken clouds
562,Wonthaggi,AU,-38.6044,145.5913,48.81,74,99,5.77,moderate rain
563,San Cristobal,VE,7.7669,-72.225,82.58,44,96,8.39,overcast clouds
564,Saldanha,ZA,-33.0117,17.9442,57.25,88,100,3.27,overcast clouds
565,Gilbues,BR,-9.8317,-45.3439,91.83,20,4,6.38,clear sky
566,Angoram,PG,-4.0625,144.0661,73.04,99,17,0.85,few clouds
567,Saraza,PH,8.7356,117.78,79.02,84,86,1.1,overcast clouds
568,Lata,PT,40.1629,-8.3327,80.58,38,19,7.49,few clouds
569,Tual,ID,-5.6667,132.75,77.59,75,74,13.94,broken clouds
570,Baltiysk,RU,54.6538,19.911,68.76,85,23,9.78,few clouds
571,Serafimovich,RU,49.5786,42.736,65.62,77,69,2.75,light rain
572,Harper,LR,4.375,-7.7169,78.26,67,69,8.25,broken clouds
573,Chyhyryn,UA,49.0838,32.6555,68.22,70,42,13.35,scattered clouds
574,Barabinsk,RU,55.3571,78.357,54.73,93,31,7.61,scattered clouds
575,Mandan,US,46.8267,-100.8896,90.37,51,0,9.22,clear sky
576,Nouadhibou,MR,20.931,-17.0347,80.58,78,31,11.5,dust
577,Merauke,ID,-8.4667,140.3333,76.06,88,85,10.71,overcast clouds
578,Nantucket,US,41.2835,-70.0995,89.74,78,0,9.22,clear sky
579,Bandundu,CD,-3.3167,17.3667,84.74,47,96,3.85,overcast clouds
580,Mahanoro,MG,-19.9,48.8,65.07,90,15,4.25,few clouds
581,Alwar,IN,27.5667,76.6,85.53,72,100,1.05,overcast clouds
582,Miri,MY,4.4148,114.0089,77.2,89,100,4.92,overcast clouds
583,Leh,IN,34.1667,77.5833,73.06,15,99,6.58,overcast clouds
584,Gravdal,NO,68.1214,13.5031,49.89,100,75,2.3,light intensity drizzle
585,Alta Floresta,BR,-9.8756,-56.0861,98.29,18,0,2.86,clear sky
586,Hovd,MN,48.0056,91.6419,64.17,51,100,21.05,overcast clouds
587,Mount Isa,AU,-20.7333,139.5,44.37,57,0,5.75,clear sky
588,Turki,RU,51.987,43.2731,59.79,85,97,6.29,light rain
589,Sarangpur,IN,23.5667,76.4667,75.36,94,100,7.83,light rain
590,Boende,CD,-0.2167,20.8667,71.98,96,100,4.09,overcast clouds
591,Thinadhoo,MV,0.5333,72.9333,82.02,73,100,7.7,overcast clouds
592,Maine-Soroa,NE,13.2114,12.0241,90.79,45,100,6.89,overcast clouds
593,Boguchany,RU,58.3814,97.4531,60.69,91,61,3.78,broken clouds
594,Kasongo-Lunda,CD,-6.4667,16.8167,85.82,32,71,1.92,broken clouds
595,Ozuluama,MX,21.6667,-97.85,92.64,46,49,9.64,scattered clouds
596,Tshane,BW,-24.0196,21.8684,64.11,37,50,9.53,scattered clouds
597,Quang Ngai,VN,15.1167,108.8,75.88,89,95,3.38,overcast clouds
598,Toora-Khem,RU,52.4675,96.11,52.09,94,89,2.98,overcast clouds
599,Rawlins,US,41.7911,-107.2387,87.69,11,0,11.5,clear sky
600,Palmer,US,42.1584,-72.3287,92.21,43,1,1.99,clear sky
601,Ludvika,SE,60.1496,15.1878,53.6,84,100,7.85,light rain
602,Sao Miguel Do Araguaia,BR,-13.275,-50.1628,93.38,20,0,6.51,clear sky
603,Poddorye,RU,57.4695,31.1156,66.96,72,47,0.94,scattered clouds
604,Chumikan,RU,54.7183,135.315,50.38,97,86,1.9,overcast clouds
605,Port Lincoln,AU,-34.7333,135.8667,53.22,65,96,5.82,overcast clouds
606,Shirokiy,RU,49.758,129.523,60.78,95,77,6.71,broken clouds
607,Huarmey,PE,-10.0681,-78.1522,66.97,72,58,8.59,broken clouds
608,Kenai,US,60.5544,-151.2583,55.09,76,100,12.66,overcast clouds
609,Dhidhdhoo,MV,6.8833,73.1,81.37,79,100,15.3,overcast clouds
610,Xuddur,SO,4.1213,43.8894,76.17,58,98,19.01,overcast clouds
611,Barsovo,RU,61.1667,73.1667,53.73,66,62,5.5,broken clouds
612,Wakkanai,JP,45.4094,141.6739,60.35,93,97,20.13,overcast clouds
613,Novikovo,RU,51.1537,37.8879,59.29,92,69,11.12,broken clouds
614,Westport,US,41.1415,-73.3579,96.44,48,0,13.8,clear sky
615,Chernyshevskiy,RU,63.0128,112.4714,62.29,69,100,2.04,overcast clouds
616,Hachinohe,JP,40.5,141.5,68.61,100,95,3.6,overcast clouds
617,Campina Verde,BR,-19.5356,-49.4864,86.81,21,29,7.18,scattered clouds
618,Saint Anthony,US,45.0205,-93.218,91.65,40,40,12.66,scattered clouds
619,Torit,SS,4.4133,32.5678,73.13,79,50,4.18,light rain
620,Lavrentiya,RU,65.5833,-171.0,41.74,88,84,13.76,broken clouds
621,Prince George,CA,53.9166,-122.753,72.25,46,27,1.99,scattered clouds
622,Zhuhai,CN,22.2769,113.5678,87.58,79,0,5.75,clear sky
623,Mount Darwin,ZW,-16.7725,31.5838,60.46,53,61,3.49,broken clouds
624,Carnduff,CA,49.1667,-101.8009,79.38,39,31,3.02,scattered clouds
625,Sandnessjoen,NO,66.0217,12.6316,53.71,80,75,5.75,broken clouds
626,Montepuez,MZ,-13.1256,38.9997,69.6,62,68,7.63,broken clouds
627,Manggar,ID,-2.8833,108.2667,79.7,80,97,4.59,overcast clouds
628,Kempsey,AU,-31.0833,152.8333,50.95,92,85,3.0,overcast clouds
629,Mareeba,AU,-17.0,145.4333,63.32,88,86,2.15,overcast clouds
630,Davila,PH,18.4726,120.5763,80.58,80,1,3.76,clear sky
631,Teguise,ES,29.0605,-13.564,77.22,65,20,25.32,few clouds
632,Mehkar,IN,20.1508,76.569,73.13,91,100,11.61,overcast clouds
633,Karachi,PK,24.9056,67.0822,84.02,79,40,9.22,scattered clouds
634,Rabo De Peixe,PT,37.8,-25.5833,72.91,73,20,6.91,few clouds
635,Imbituba,BR,-28.24,-48.6703,75.09,84,70,1.99,light rain
636,Mackay,AU,-21.15,149.2,58.77,81,0,8.61,clear sky
637,Constantine,DZ,36.365,6.6147,94.41,22,20,16.11,few clouds
638,Adrar,MR,20.5022,-10.0711,96.49,32,49,0.45,light rain
639,Utmanzai,PK,34.188,71.7629,83.01,55,67,5.23,broken clouds
640,La Ronge,CA,55.1001,-105.2842,57.45,67,100,5.75,overcast clouds
641,Denpasar,ID,-8.65,115.2167,78.46,88,40,11.5,scattered clouds
642,Bilibino,RU,68.0546,166.4372,36.79,77,81,5.23,broken clouds
643,Terrasini,IT,38.146,13.0844,86.61,61,0,13.8,clear sky
644,Dourbali,TD,11.8091,15.8632,85.73,57,89,1.99,overcast clouds
645,General Pico,AR,-35.6566,-63.7568,68.29,29,97,6.15,overcast clouds
646,Korla,CN,41.7597,86.1469,83.91,21,0,3.38,clear sky
647,Svetlogorsk,BY,52.6333,29.7333,65.17,77,1,5.44,clear sky
648,Ayan,RU,56.45,138.1667,57.52,91,93,6.33,overcast clouds
649,Omboue,GA,-1.5746,9.2618,71.56,81,76,11.5,broken clouds
650,Qalyub,EG,30.1792,31.2056,88.59,52,3,14.99,clear sky
651,Balikpapan,ID,-1.2675,116.8289,77.99,94,20,4.61,few clouds
652,Shahr-E Kord,IR,32.3256,50.8644,80.62,29,46,5.23,scattered clouds
653,Shanhetun,CN,44.7,127.2,61.84,93,0,2.3,clear sky
654,Nurota,UZ,40.5614,65.6886,92.17,13,0,8.37,clear sky
655,Council Bluffs,US,41.2619,-95.8608,90.32,56,75,8.05,broken clouds
656,Ishigaki,JP,24.3448,124.1572,84.92,77,34,16.55,scattered clouds
657,Xiamen,CN,24.4798,118.0819,83.25,87,1,5.61,clear sky
658,Alofi,NU,-19.0595,-169.9187,76.06,77,76,4.63,broken clouds
659,Little Current,CA,45.9793,-81.9248,78.42,54,35,10.71,scattered clouds
660,Sao Felix Do Xingu,BR,-6.6447,-51.995,96.22,20,61,3.65,broken clouds
661,Oparino,RU,59.8518,48.2783,61.09,79,68,4.72,broken clouds
662,Luleburgaz,TR,41.4039,27.3592,76.96,35,0,8.03,clear sky
663,Ahuimanu,US,21.4447,-157.8378,82.11,71,20,12.66,few clouds
664,Stepnyak,KZ,52.8339,70.7803,61.97,67,51,5.1,broken clouds
665,Khash,IR,28.2211,61.2158,81.3,56,67,24.94,light rain
666,Mackenzie,CA,55.2999,-123.1698,66.42,48,0,3.44,clear sky
667,Estevan,CA,49.1334,-102.9842,79.0,50,0,9.22,clear sky
668,Kalamb,IN,19.05,73.95,72.79,86,100,7.74,overcast clouds
669,Capao Da Canoa,BR,-29.7456,-50.0097,66.06,87,89,2.3,overcast clouds
670,Rjukan,NO,59.8789,8.5941,68.04,71,89,5.84,overcast clouds
671,Cap Malheureux,MU,-19.9842,57.6142,69.48,74,37,5.01,scattered clouds
672,Sokoni,TZ,-6.4333,39.55,75.27,78,2,15.5,clear sky
673,Lisala,CD,2.15,21.5167,69.37,99,100,2.55,overcast clouds
674,Pahrump,US,36.2083,-115.9839,103.44,12,26,5.99,scattered clouds
675,Staryy Merchyk,UA,49.9815,35.759,59.22,92,83,12.17,broken clouds
676,Illapel,CL,-31.6308,-71.1653,69.31,46,3,4.99,clear sky
677,Mandurah,AU,-32.55,115.7,59.92,72,35,17.16,scattered clouds
678,Zhaotong,CN,27.3167,103.7167,60.73,97,100,1.3,overcast clouds
679,Khurba,RU,50.4072,136.8819,59.56,85,85,9.46,overcast clouds
680,Cairns,AU,-16.9167,145.7667,67.95,85,57,6.91,broken clouds
681,Naranjal,EC,-2.6667,-79.6167,79.54,71,91,5.1,overcast clouds
682,Magdalena,PH,14.1999,121.429,82.35,96,51,3.96,broken clouds
683,Diffa,NE,13.3154,12.6113,91.26,44,88,5.26,overcast clouds
684,Monchegorsk,RU,67.9397,32.8739,60.22,80,51,9.37,broken clouds
685,Hobyo,SO,5.3505,48.5268,76.46,81,50,23.02,scattered clouds
686,Jennings,US,38.7192,-90.2604,98.91,48,20,5.75,few clouds
687,Siva,EG,29.2041,25.5195,90.5,18,2,6.11,clear sky
688,Palimbang,PH,6.2106,124.1894,77.4,87,96,3.69,overcast clouds
689,Ndioum,SN,16.5129,-14.6471,91.54,49,99,10.85,overcast clouds
690,Buraydah,SA,26.326,43.975,99.18,10,24,11.5,few clouds
691,Kashan,IR,33.9831,51.4364,98.29,11,2,4.76,clear sky
692,Weligama,LK,5.9667,80.4167,78.53,87,100,13.85,overcast clouds
693,Mantua,IT,45.1667,10.7833,97.84,48,2,1.01,clear sky
694,Northam,GB,51.0333,-4.2167,67.39,70,10,12.77,clear sky
695,Saiha,IN,22.4833,92.9667,72.66,99,100,1.19,overcast clouds
696,Kudahuvadhoo,MV,2.6708,72.8944,82.85,74,99,16.89,overcast clouds
697,Marawi,PH,7.9986,124.2928,69.51,94,93,2.46,overcast clouds
698,Juarez,MX,31.7333,-106.4833,92.3,33,75,11.5,broken clouds
699,Yar-Sale,RU,66.8333,70.8333,45.0,96,100,15.55,light rain
700,Kayerkan,RU,69.3497,87.7602,60.12,66,78,6.98,broken clouds
701,Zhumadian,CN,32.9794,114.0294,70.52,94,100,5.68,overcast clouds
702,Khartoum,SD,15.5518,32.5324,93.02,38,46,6.91,scattered clouds
703,Road Town,VG,18.4167,-64.6167,87.89,70,20,13.8,few clouds
704,Constancia,MX,24.2231,-107.1869,91.74,55,87,11.9,overcast clouds
705,Altamirano,MX,16.8833,-92.15,75.0,39,100,5.41,overcast clouds
706,Norrkoping,SE,58.5942,16.1826,66.18,95,100,5.75,overcast clouds
707,Yerbogachen,RU,61.2767,108.0108,62.06,69,100,5.19,overcast clouds
708,Brodick,GB,55.5754,-5.1472,61.34,90,98,2.33,overcast clouds
709,Hamilton,US,39.1834,-84.5333,93.25,58,20,13.8,haze
710,Deputatskiy,RU,69.3,139.9,46.2,66,90,4.16,overcast clouds
711,Bonavista,CA,48.6499,-53.1147,65.68,72,71,14.16,broken clouds
712,Pandan Niog,PH,6.2282,120.5631,83.25,74,32,6.31,scattered clouds
713,Sorong,ID,-0.8833,131.25,77.27,87,90,12.03,overcast clouds
714,Kysyl-Syr,RU,63.8986,122.7617,57.4,92,23,3.24,few clouds
715,San Quintin,MX,30.4833,-115.95,73.81,66,24,15.64,few clouds
716,Chama,CH,47.1821,8.4636,89.76,45,24,3.44,few clouds
717,Petukhovo,RU,55.0692,67.9019,58.82,82,1,7.83,clear sky
718,Torres,BR,-29.3353,-49.7269,79.83,80,83,3.22,broken clouds
719,Abu Samrah,SY,35.3029,37.1841,84.72,33,0,10.96,clear sky
720,Timizart,DZ,36.8,4.2667,88.36,37,1,8.19,clear sky
721,Nargana,PA,9.4428,-78.5906,83.41,74,93,5.7,overcast clouds
722,Kalanguy,RU,51.0167,116.5167,67.64,75,24,10.04,few clouds
723,Roebourne,AU,-20.7833,117.1333,70.21,70,2,9.84,clear sky
724,Marshfield,US,44.6689,-90.1718,86.88,51,0,12.66,clear sky
725,Tacuarembo,UY,-31.7333,-55.9833,73.27,73,100,4.63,overcast clouds
726,Ostersund,SE,63.1792,14.6357,55.62,82,100,11.5,overcast clouds
727,Togur,RU,58.3631,82.8265,55.04,96,100,12.48,light rain
728,Anchorage,US,61.2181,-149.9003,53.31,92,100,8.05,mist
729,Ust-Ordynskiy,RU,52.805,104.7508,57.2,98,100,6.33,light rain
